2025_07_HeLiCorp-B-bg-1024x167.png	6375	https://helicorp.vn/wp-content/uploads/2025/07/HeLiCorp-B-bg-1024x167.png
2025_07_HeLiCorp-B-bg-1536x251.png	10970	https://helicorp.vn/wp-content/uploads/2025/07/HeLiCorp-B-bg-1536x251.png
2025_07_HeLiCorp-B-bg-2048x334.png	14273	https://helicorp.vn/wp-content/uploads/2025/07/HeLiCorp-B-bg-2048x334.png
2025_07_HeLiCorp-B-bg-300x49.png	1813	https://helicorp.vn/wp-content/uploads/2025/07/HeLiCorp-B-bg-300x49.png
2025_07_HeLiCorp-B-bg-768x125.png	4644	https://helicorp.vn/wp-content/uploads/2025/07/HeLiCorp-B-bg-768x125.png
2025_07_HeLiCorp-W-bg-1024x167.png	7242	https://helicorp.vn/wp-content/uploads/2025/07/HeLiCorp-W-bg-1024x167.png
2025_07_HeLiCorp-W-bg-1536x251.png	11605	https://helicorp.vn/wp-content/uploads/2025/07/HeLiCorp-W-bg-1536x251.png
2025_07_HeLiCorp-W-bg-2048x334.png	17684	https://helicorp.vn/wp-content/uploads/2025/07/HeLiCorp-W-bg-2048x334.png
2025_07_HeLiCorp-W-bg-300x49.png	1786	https://helicorp.vn/wp-content/uploads/2025/07/HeLiCorp-W-bg-300x49.png
2025_07_HeLiCorp-W-bg-768x125.png	5137	https://helicorp.vn/wp-content/uploads/2025/07/HeLiCorp-W-bg-768x125.png
2025_07_Showroom-petkit-by-helicorp-1342x1536.webp	180782	https://helicorp.vn/wp-content/uploads/2025/07/Showroom-petkit-by-helicorp-1342x1536.webp
2025_07_Showroom-petkit-by-helicorp-1790x2048.webp	268436	https://helicorp.vn/wp-content/uploads/2025/07/Showroom-petkit-by-helicorp-1790x2048.webp
2025_07_Showroom-petkit-by-helicorp-262x300.webp	13018	https://helicorp.vn/wp-content/uploads/2025/07/Showroom-petkit-by-helicorp-262x300.webp
2025_07_Showroom-petkit-by-helicorp-768x879.webp	74418	https://helicorp.vn/wp-content/uploads/2025/07/Showroom-petkit-by-helicorp-768x879.webp
2025_07_Showroom-petkit-by-helicorp-895x1024.webp	98092	https://helicorp.vn/wp-content/uploads/2025/07/Showroom-petkit-by-helicorp-895x1024.webp
2025_07_banner-1.webp	259564	https://helicorp.vn/wp-content/uploads/2025/07/banner-1.webp
2025_07_bg-map.svg	188914	https://helicorp.vn/wp-content/uploads/2025/07/bg-map.svg
2025_07_cropped-logo-helicorp-180x180.jpg	3472	https://helicorp.vn/wp-content/uploads/2025/07/cropped-logo-helicorp-180x180.jpg
2025_07_cropped-logo-helicorp-192x192.jpg	3783	https://helicorp.vn/wp-content/uploads/2025/07/cropped-logo-helicorp-192x192.jpg
2025_07_cropped-logo-helicorp-270x270.jpg	5545	https://helicorp.vn/wp-content/uploads/2025/07/cropped-logo-helicorp-270x270.jpg
2025_07_cropped-logo-helicorp-32x32.jpg	986	https://helicorp.vn/wp-content/uploads/2025/07/cropped-logo-helicorp-32x32.jpg
2025_11_2025-03-31_234515-1024x683.jpg	45391	https://helicorp.vn/wp-content/uploads/2025/11/2025-03-31_234515-1024x683.jpg
2025_11_20251126-092821-1024x366.png	11793	https://helicorp.vn/wp-content/uploads/2025/11/20251126-092821-1024x366.png
2025_11_20251126-092821-300x107.png	2253	https://helicorp.vn/wp-content/uploads/2025/11/20251126-092821-300x107.png
2025_11_20251126-092821-768x274.png	8030	https://helicorp.vn/wp-content/uploads/2025/11/20251126-092821-768x274.png
2025_11_20251126-092821.png	11052	https://helicorp.vn/wp-content/uploads/2025/11/20251126-092821.png
2025_11_8236306E-3BF7-404C-A5F6-0B6B5B4D4309-1024x582.png	293037	https://helicorp.vn/wp-content/uploads/2025/11/8236306E-3BF7-404C-A5F6-0B6B5B4D4309-1024x582.png
2025_11_8FB149C9-9842-4E67-BEAE-A2081D3E69DC-1024x560.png	261545	https://helicorp.vn/wp-content/uploads/2025/11/8FB149C9-9842-4E67-BEAE-A2081D3E69DC-1024x560.png
2025_11_IMG_4645-1024x1536.jpg	73253	https://helicorp.vn/wp-content/uploads/2025/11/IMG_4645-1024x1536.jpg
2025_11_IMG_4645-1365x2048.jpg	63319	https://helicorp.vn/wp-content/uploads/2025/11/IMG_4645-1365x2048.jpg
2025_11_IMG_4645-200x300.jpg	5650	https://helicorp.vn/wp-content/uploads/2025/11/IMG_4645-200x300.jpg
2025_11_IMG_4645-683x1024.jpg	39232	https://helicorp.vn/wp-content/uploads/2025/11/IMG_4645-683x1024.jpg
2025_11_IMG_4645-768x1152.jpg	45952	https://helicorp.vn/wp-content/uploads/2025/11/IMG_4645-768x1152.jpg
2025_11_IMG_4645-scaled.jpg	89528	https://helicorp.vn/wp-content/uploads/2025/11/IMG_4645-scaled.jpg
2025_11_Post-helipet-300x89.png	3580	https://helicorp.vn/wp-content/uploads/2025/11/Post-helipet-300x89.png
2025_11_Post-helipet.png	7784	https://helicorp.vn/wp-content/uploads/2025/11/Post-helipet.png
2025_11_b2b-channel-icon.png	1117	https://helicorp.vn/wp-content/uploads/2025/11/b2b-channel-icon.png
2025_11_b2b-home-img-1024x689.webp	92346	https://helicorp.vn/wp-content/uploads/2025/11/b2b-home-img-1024x689.webp
2025_11_brand-asset-management-icon.png	1273	https://helicorp.vn/wp-content/uploads/2025/11/brand-asset-management-icon.png
2025_11_brand-building-anh-do-img-1024x576.webp	33606	https://helicorp.vn/wp-content/uploads/2025/11/brand-building-anh-do-img-1024x576.webp
2025_11_brand-building-home.png	516055	https://helicorp.vn/wp-content/uploads/2025/11/brand-building-home.png
2025_11_cattree-helipet-img-1152x1536.webp	119096	https://helicorp.vn/wp-content/uploads/2025/11/cattree-helipet-img-1152x1536.webp
2025_11_cattree-helipet-img-1536x2048.webp	180500	https://helicorp.vn/wp-content/uploads/2025/11/cattree-helipet-img-1536x2048.webp
2025_11_cattree-helipet-img-225x300.webp	9906	https://helicorp.vn/wp-content/uploads/2025/11/cattree-helipet-img-225x300.webp
2025_11_cattree-helipet-img-768x1024.webp	66630	https://helicorp.vn/wp-content/uploads/2025/11/cattree-helipet-img-768x1024.webp
2025_11_cattree-helipet-img-scaled.webp	251182	https://helicorp.vn/wp-content/uploads/2025/11/cattree-helipet-img-scaled.webp
2025_11_customer-service-icon.png	905	https://helicorp.vn/wp-content/uploads/2025/11/customer-service-icon.png
2025_11_ecommerce-icon.png	1206	https://helicorp.vn/wp-content/uploads/2025/11/ecommerce-icon.png
2025_11_engineering-icon.png	916	https://helicorp.vn/wp-content/uploads/2025/11/engineering-icon.png
2025_11_logo-1024x339.webp	6880	https://helicorp.vn/wp-content/uploads/2025/11/logo-1024x339.webp
2025_11_logo-1536x508.webp	10754	https://helicorp.vn/wp-content/uploads/2025/11/logo-1536x508.webp
2025_11_logo-2048x677.webp	15108	https://helicorp.vn/wp-content/uploads/2025/11/logo-2048x677.webp
2025_11_logo-300x99.webp	2066	https://helicorp.vn/wp-content/uploads/2025/11/logo-300x99.webp
2025_11_logo-768x254.webp	5112	https://helicorp.vn/wp-content/uploads/2025/11/logo-768x254.webp
2025_11_logo-drvet.jpg	14489	https://helicorp.vn/wp-content/uploads/2025/11/logo-drvet.jpg
2025_11_logo-helipet.jpg	44509	https://helicorp.vn/wp-content/uploads/2025/11/logo-helipet.jpg
2025_11_logo-max-clean.jpg	10629	https://helicorp.vn/wp-content/uploads/2025/11/logo-max-clean.jpg
2025_11_logo-neakasa-remove-1024x182.png	22404	https://helicorp.vn/wp-content/uploads/2025/11/logo-neakasa-remove-1024x182.png
2025_11_logo-neakasa-remove-300x53.png	3074	https://helicorp.vn/wp-content/uploads/2025/11/logo-neakasa-remove-300x53.png
2025_11_logo-neakasa-remove-768x136.png	12576	https://helicorp.vn/wp-content/uploads/2025/11/logo-neakasa-remove-768x136.png
2025_11_logo-neakasa-remove.png	32992	https://helicorp.vn/wp-content/uploads/2025/11/logo-neakasa-remove.png
2025_11_logo-neakasa.png	6702	https://helicorp.vn/wp-content/uploads/2025/11/logo-neakasa.png
2025_11_logo-petkit.png	2707	https://helicorp.vn/wp-content/uploads/2025/11/logo-petkit.png
2025_11_logo-petree.jpg	8189	https://helicorp.vn/wp-content/uploads/2025/11/logo-petree.jpg
2025_11_logo-scaled.webp	19894	https://helicorp.vn/wp-content/uploads/2025/11/logo-scaled.webp
2025_11_logo-zalo-vector-16-296x300.jpg	6896	https://helicorp.vn/wp-content/uploads/2025/11/logo-zalo-vector-16-296x300.jpg
2025_11_logo-zalo-vector-16.jpg	28624	https://helicorp.vn/wp-content/uploads/2025/11/logo-zalo-vector-16.jpg
2025_11_logo_28080.webp	1704	https://helicorp.vn/wp-content/uploads/2025/11/logo_28080.webp
2025_11_pet-healthy-img-1024x586.jpg	34236	https://helicorp.vn/wp-content/uploads/2025/11/pet-healthy-img-1024x586.jpg
2025_11_pet-healthy-img-1536x879.jpg	74422	https://helicorp.vn/wp-content/uploads/2025/11/pet-healthy-img-1536x879.jpg
2025_11_pet-healthy-img-2048x1172.jpg	67127	https://helicorp.vn/wp-content/uploads/2025/11/pet-healthy-img-2048x1172.jpg
2025_11_pet-healthy-img-300x172.jpg	6482	https://helicorp.vn/wp-content/uploads/2025/11/pet-healthy-img-300x172.jpg
2025_11_pet-healthy-img-768x439.jpg	24392	https://helicorp.vn/wp-content/uploads/2025/11/pet-healthy-img-768x439.jpg
2025_11_pet-technology-img-225x300.webp	6836	https://helicorp.vn/wp-content/uploads/2025/11/pet-technology-img-225x300.webp
2025_11_pet-technology-img-768x1024.webp	42702	https://helicorp.vn/wp-content/uploads/2025/11/pet-technology-img-768x1024.webp
2025_11_pet-technology-img.webp	74248	https://helicorp.vn/wp-content/uploads/2025/11/pet-technology-img.webp
2025_11_pet-teno-img-203x300.png	9739	https://helicorp.vn/wp-content/uploads/2025/11/pet-teno-img-203x300.png
2025_11_pet-teno-img-692x1024.png	74446	https://helicorp.vn/wp-content/uploads/2025/11/pet-teno-img-692x1024.png
2025_11_pet-teno-img-768x1137.png	94755	https://helicorp.vn/wp-content/uploads/2025/11/pet-teno-img-768x1137.png
2025_11_pet-teno-img.png	154074	https://helicorp.vn/wp-content/uploads/2025/11/pet-teno-img.png
2025_11_phu-kien-thu-cung-img-1024x512.jpg	27607	https://helicorp.vn/wp-content/uploads/2025/11/phu-kien-thu-cung-img-1024x512.jpg
2025_11_phu-kien-thu-cung-img-1536x768.jpg	59591	https://helicorp.vn/wp-content/uploads/2025/11/phu-kien-thu-cung-img-1536x768.jpg
2025_11_phu-kien-thu-cung-img-2048x1024.jpg	106736	https://helicorp.vn/wp-content/uploads/2025/11/phu-kien-thu-cung-img-2048x1024.jpg
2025_11_phu-kien-thu-cung-img-300x150.jpg	4298	https://helicorp.vn/wp-content/uploads/2025/11/phu-kien-thu-cung-img-300x150.jpg
2025_11_phu-kien-thu-cung-img-768x384.jpg	16797	https://helicorp.vn/wp-content/uploads/2025/11/phu-kien-thu-cung-img-768x384.jpg
2025_11_sale-marketing-icon.png	497	https://helicorp.vn/wp-content/uploads/2025/11/sale-marketing-icon.png
2025_11_sales-marketing-hop-img-1024x553.webp	43968	https://helicorp.vn/wp-content/uploads/2025/11/sales-marketing-hop-img-1024x553.webp
2026_03_logo-ubpet.png	18900	https://helicorp.vn/wp-content/uploads/2026/03/logo-ubpet.png